verification,session name,country code,place (optional),date (YYYYMMDD),spacing (m),shape,gps correction,bathy (yes/no),video (yes/no),photog (yes/no),Stockage,observation,Team,comment,arthur_comment
v2,20221019_SYC-ALDABRA-ARM01_ASV-01_00,SYC,Aldabra ARM01,20221019,-,linear,RTK with a Reach base,yes,yes,yes,202210_plancha_session,mission MEOI,"MC, MR, MJ",PPK Q1 10%,
v1,20221019_SYC-ALDABRA-ARM01_ASV-01_01,SYC,Aldabra ARM01,20221019,-,linear,RTK with a Reach base,yes,yes,yes,202210_plancha_session,mission MEOI,"MC, MR, MJ",,
v3,20221020_SYC-ALDABRA-ARM01_ASV-01_00,SYC,Aldabra ARM01,20221020,-,linear,PPK with a Reach base corrected with PPP,yes,yes,yes,202210_plancha_session,mission MEOI,"MC, MR, MJ","datarmor, Filtrer à 32m",
v1,20221020_SYC-ALDABRA-ARM01_ASV-01_01,SYC,Aldabra ARM01,20221020,-,linear,PPK with a Reach base corrected with PPP,yes,yes,yes,202210_plancha_session,mission MEOI,"MC, MR, MJ",datarmor,
v1,20221020_SYC-ALDABRA-ARM01_ASV-01_02,SYC,Aldabra ARM01,20221020,-,linear,PPK with a Reach base corrected with PPP,yes,yes,yes,202210_plancha_session,mission MEOI,"MC, MR, MJ",,
v1,20221020_SYC-ALDABRA-ARM01_ASV-02_01,SYC,Aldabra ARM01,20221020,-,linear,PPK with a Reach base corrected with PPP,yes,no,no,202210_plancha_session,mission MEOI,"MC, MR, MJ",,
v1,20221020_SYC-ALDABRA-GIGI_ASV-01_00,SYC,Aldabra GIGI,20221020,-,linear,no data,no,yes,yes,202210_plancha_session,"mission MEOI, UV light","MC, MR, MJ","we do not film time with camera, No GPS",
v1,20221021_SYC-ALDABRA-ARM01_ASV-01_00,SYC,Aldabra ARM01,20221021,-,linear,PPK with a Reach base corrected with PPP,yes,yes,yes,202210_plancha_session,mission MEOI,"MC, MR, MJ",datarmor,
v1,20221021_SYC-ALDABRA-ARM01_ASV-01_02,SYC,Aldabra ARM01,20221021,-,linear,PPK with a Reach base corrected with PPP,yes,yes,yes,202210_plancha_session,mission MEOI,"MC, MR, MJ",datarmor,
v1,20221021_SYC-ALDABRA-ARM01_ASV-02_00,SYC,Aldabra ARM01,20221021,-,linear,PPK with a Reach base corrected with PPP,yes,yes,yes,202210_plancha_session,mission MEOI,"MC, MR, MJ",datarmor,
v1,20221021_SYC-ALDABRA-ARM01_ASV-02_02,SYC,Aldabra ARM01,20221021,-,linear,PPK with a Reach base corrected with PPP,yes,yes,yes,202210_plancha_session,mission MEOI,"MC, MR, MJ",datarmor,
v3,20221021_SYC-ALDABRA-DUBOIS_ASV-01_01,SYC,Aldabra DUBOIS,20221021,-,linear,PPK with a Reach base corrected with PPP,yes,yes,yes,202210_plancha_session,mission MEOI,"MC, MR, MJ","datarmor, Filtrer à 20m",
v1,20221021_SYC-ALDABRA-DUBOIS_ASV-02_01,SYC,Aldabra DUBOIS,20221021,-,linear,PPK with a Reach base corrected with PPP,yes,yes,yes,202210_plancha_session,mission MEOI,"MC, MR, MJ",datarmor,
v3,20221022_SYC-ALDABRA-ARM06_ASV-01_01,SYC,Aldabra ARM06,20221022,-,linear,PPK with a Reach base corrected with PPP,yes,yes,yes,202210_plancha_session,mission MEOI,"MC, MR, MJ","datarmor, Filtrer à 30m",
v0,20221022_SYC-ALDABRA-ARM06_ASV-01_02,SYC,Aldabra ARM06,20221022,-,linear,RTK with a Reach base,no,yes,yes,202210_plancha_session,mission MEOI,"MC, MR, MJ",no rinex device => pas présent sur la planche,
v1,20221022_SYC-ALDABRA-ARM06_ASV-02_01,SYC,Aldabra ARM06,20221022,-,linear,PPK with a Reach base corrected with PPP,yes,yes,yes,202210_plancha_session,mission MEOI,"MC, MR, MJ",datarmor,
v1,20221022_SYC-ALDABRA-ARM06_ASV-02_02,SYC,Aldabra ARM06,20221022,-,linear,PPK with a Reach base corrected with PPP,yes,yes,yes,202210_plancha_session,mission MEOI,"MC, MR, MJ",datarmor,
v1,20221022_SYC-ALDABRA-GIGI_ASV-01_00,SYC,Aldabra GIGI,20221022,-,linear,PPK with a Reach base corrected with PPP,yes,yes,yes,202210_plancha_session,mission MEOI,"MC, MR, MJ",datarmor,
v0,20221023_SYC-ALDABRA-DUBOIS_ASV-01_00,SYC,Aldabra DUBOIS,20221023,-,linear,no data,no,yes,no,202210_plancha_session,mission MEOI,"MC, MR, MJ",no gps device,
v2,20221023_SYC-ALDABRA-DUBOIS_ASV-01_01,SYC,Aldabra DUBOIS,20221023,-,linear,PPK with a Reach base corrected with PPP,no,yes,no,202210_plancha_session,mission MEOI,"MC, MR, MJ",BATHY ERROR ,
v3,20221023_SYC-ALDABRA-DUBOIS_ASV-01_02,SYC,Aldabra DUBOIS,20221023,-,linear,PPK with a Reach base corrected with PPP,yes,yes,yes,202210_plancha_session,mission MEOI,"MC, MR, MJ",Filtrer à 20m,
v1,20221023_SYC-ALDABRA-DUBOIS_ASV-02_02,SYC,Aldabra DUBOIS,20221023,-,linear,PPK with a Reach base corrected with PPP,yes,yes,yes,202210_plancha_session,mission MEOI,"MC, MR, MJ",ready to DTRMR,
v1,20221023_SYC-ALDABRA-GIGI_ASV-01_00,SYC,Aldabra GIGI,20221023,-,linear,PPK with a Reach base corrected with PPP,no,yes,yes,202210_plancha_session,"mission MEOI, UV light","MC, MR, MJ",Pas de gps,
v1,20221023_SYC-ALDABRA-GIGI_ASV-01_01,SYC,Aldabra GIGI,20221023,-,linear,PPK with a Reach base corrected with PPP,no,yes,yes,202210_plancha_session,"mission MEOI, UV light","MC, MR, MJ",Pas de gps,
v1,20221023_SYC-ALDABRA-GIGI_ASV-02_00,SYC,Aldabra GIGI,20221023,-,linear,PPK with a Reach base corrected with PPP,yes,yes,yes,202210_plancha_session,mission MEOI,"MC, MR, MJ",ready to DTRMR,
v0,20221023_SYC-ALDABRA-GIGI_ASV-02_01,SYC,Aldabra GIGI,20221023,-,linear,PPK with a Reach base corrected with PPP,no,yes,no,202210_plancha_session,mission MEOI,"MC, MR, MJ","NO BIN, NO GPS DEVICE",
v3,20221024_SYC-ALDABRA-ARM01_ASV-01_00,SYC,Aldabra ARM01,20221024,-,linear,PPK with a Reach base corrected with PPP,yes,yes,yes,202210_plancha_session,mission MEOI,"MC, MR, MJ","datarmor, filtrer à 15m",
v3,20221024_SYC-ALDABRA-ARM01_ASV-01_01,SYC,Aldabra ARM01,20221024,-,linear,PPK with a Reach base corrected with PPP,yes,yes,yes,202210_plancha_session,mission MEOI,"MC, MR, MJ","datarmor, filtrer à 20m",
v1,20221024_SYC-ALDABRA-ARM01_ASV-01_02,SYC,Aldabra ARM01,20221024,-,linear,PPK with a Reach base corrected with PPP,yes,yes,yes,202210_plancha_session,mission MEOI,"MC, MR, MJ",,
v1,20221024_SYC-ALDABRA-ARM01_ASV-02_00,SYC,Aldabra ARM01,20221024,-,linear,PPK with a Reach base corrected with PPP,yes,yes,yes,202210_plancha_session,mission MEOI,"MC, MR, MJ",datarmor,
v1,20221024_SYC-ALDABRA-ARM01_ASV-02_01,SYC,Aldabra ARM01,20221024,-,linear,PPK with a Reach base corrected with PPP,yes,yes,yes,202210_plancha_session,mission MEOI,"MC, MR, MJ",datarmor,
v1,20221024_SYC-ALDABRA-GIGI_ASV-01_00,SYC,Aldabra GIGI,20221024,-,linear,no data,no,yes,yes,202210_plancha_session,"mission MEOI, UV light","MC, MR, MJ",,
v2,20221110_MUS-SAYA-DE-MALHA_ASV-01_00,MUS,Saya de malha,20221110,,,,yes,no,no,202211_plancha_session,MONACO,"MR, MC",Valeur incohérente,
v0,20221111_MUS-SAYA-DE-MALHA_ASV-01_00,MUS,Saya de malha,20221111,,,,no,yes,no,202211_plancha_session,MONACO,"MR, MC",Bad values (-1),
v2,20221113_MUS-SAYA-DE-MALHA_ASV-01_00,MUS,Saya de malha,20221113,,,,yes,no,no,202211_plancha_session,MONACO,"MR, MC",Valeur incohérente,
v3,20221119_MUS-ST-BRANDON_ASV-01_00,MUS,Saint Brandon,20221119,,,,yes,yes,no,202211_plancha_session,MONACO,"MR, MC","""filt_exclude_specific_timeUS"": [[6860286627, 7019286685]]",
v3,20221119_MUS-ST-BRANDON_ASV-01_01,MUS,Saint Brandon,20221119,,,,yes,yes,no,202211_plancha_session,MONACO,"MR, MC",Filtrer sur -30,
v2,20221119_MUS-ST-BRANDON_ASV-02_00,MUS,Saint Brandon,20221119,,,,yes,yes,no,202211_plancha_session,MONACO,"MR, MC",Le sondeur semble avoir buggé,
v1,20221120_MUS-ST-BRANDON_ASV-01_00,MUS,Saint Brandon,20221120,,,,yes,yes,no,202211_plancha_session,MONACO,"MR, MC",,
v3,20221120_MUS-ST-BRANDON_ASV-01_01,MUS,Saint Brandon,20221120,,,,yes,yes,no,202211_plancha_session,MONACO,"MR, MC","""filt_exclude_specific_timeUS"": [[1527919405, 1646919412]]",
v1,20221120_MUS-ST-BRANDON_ASV-02_00,MUS,Saint Brandon,20221120,,,,yes,yes,no,202211_plancha_session,MONACO,"MR, MC",A regarder,
v3,20221120_MUS-ST-BRANDON_ASV-02_01,MUS,Saint Brandon,20221120,,,,yes,yes,no,202211_plancha_session,MONACO,"MR, MC","""filt_exclude_specific_timeUS"": [[856250794,1116050799]]",
v2,20221121_MUS-ST-BRANDON_ASV-01_00,MUS,Saint Brandon,20221121,,,,yes,yes,no,202211_plancha_session,MONACO,"MR, MC",Bizarre,
v2,20221121_MUS-ST-BRANDON_ASV-02_00,MUS,Saint Brandon,20221121,,,,yes,yes,no,202211_plancha_session,MONACO,"MR, MC",Valeur entre 0 et 5m mais Grand bleu sur vidéo donc surement hors porté du sonar,
v1,20230430_MDG-NOSY-VE_SCUBA-1_00,MDG,Nosyve,20230430,,,,no,yes,yes,202305_plancha_session,,"MC, JB, SP, GM","Pas de bin, Device GPX",
v2,20230430_MDG-NOSY-VE_SCUBA-1_01,MDG,Nosyve,20230430,,,,no,no,no,202305_plancha_session,,"MC, JB, SP, GM","Pas de bin, Device GPX, Photo à la place des vidéos",
v0,20230430_MDG-NOSY-VE_SCUBA-1_02,MDG,Nosyve,20230430,,,,no,yes,no,202305_plancha_session,,"MC, JB, SP, GM","Pas de bin, Pas de Device",
v0,20230430_MDG-NOSY-VE_SCUBA-2_00,MDG,Nosyve,20230430,,,,no,no,no,202305_plancha_session,,"MC, JB, SP, GM","Pas de bin, Pas de Device, Photo à la place des vidéos",
v1,20230501_MDG-ANAKAO_ASV-1_00,MDG,Anakao,20230501,,,,yes,yes,yes,202305_plancha_session,,"MC, JB, SP, GM",,
v1,20230503_MDG-SARODRANO_ASV-1_00,MDG,Sarodrano,20230503,,,,no,yes,yes,202305_plancha_session,,"MC, JB, SP, GM",Pas de bin,
v1,20230503_MDG-SARODRANO_ASV-1_01,MDG,Sarodrano,20230503,,,,no,yes,yes,202305_plancha_session,,"MC, JB, SP, GM",Pas de bin,
v1,20230504_MDG-SARODRANO_ASV-1_00,MDG,Sarodrano,20230504,,,,yes,no,no,202305_plancha_session,,"MC, JB, SP, GM",,
v3,20230505_MDG-SARODRANO_ASV-1_00,MDG,Sarodrano,20230505,,,,yes,yes,yes,202305_plancha_session,,"MC, JB, SP, GM","""filt_exclude_specific_timeUS"": [[2547494033, 2616694030]]",
v1,20230505_MDG-SARODRANO_ASV-1_01,MDG,Sarodrano,20230505,,,,yes,yes,yes,202305_plancha_session,,"MC, JB, SP, GM",,
v1,20230506_MDG-IFATY_ASV-1_00,MDG,Ifaty,20230506,,,,yes,yes,yes,202305_plancha_session,,"MC, JB, SP, GM",Pas de Base,
v1,20230507_MDG-IFATY_ASV-1_00,MDG,Ifaty,20230507,,,,yes,yes,yes,202305_plancha_session,,"MC, JB, SP, GM",,
v0,20230507_MDG-IFATY_SCUBA-1_00,MDG,Ifaty,20230507,,,,no,yes,no,202305_plancha_session,,"MC, JB, SP, GM","Pas de gps, pas de bin, vidéo bizarre",
v0,20150611_REU-St-Gilles_scuba,REU,Saint Gilles,20150611,,,,no,no,no,2015_plancha_session,SEATIZEN,PM,"Seulement des images, Annoté donc pas de prédictions",
v0,20150615_REU-La-Saline_scuba,REU,La Saline,20150615,,,,no,no,no,2015_plancha_session,SEATIZEN,PM,"Seulement des images, Annoté donc pas de prédictions",
v0,20150616_REU-La-Saline_scuba,REU,La Saline,20150616,,,,no,no,no,2015_plancha_session,SEATIZEN,PM,"Seulement des images, Annoté donc pas de prédictions",
v0,20150617_REU-St-Leu_scuba,REU,Saint Leu,20150617,,,,no,no,no,2015_plancha_session,SEATIZEN,PM,"Seulement des images, Annoté donc pas de prédictions",
v0,20150619_REU-St-Gilles_scuba,REU,Hermitage,20150619,,,,no,no,no,2015_plancha_session,SEATIZEN,PM,"Seulement des images, Annoté donc pas de prédictions",
v0,20150807_REU-La-Saline_scuba,REU,Hermitage,20150807,,,,no,no,no,2015_plancha_session,SEATIZEN,PM,"Seulement des images, Annoté donc pas de prédictions",
v0,20150925_REU-La-Saline_scuba,REU,La Saline,20150925,,,,no,no,no,2015_plancha_session,SEATIZEN,PM,"Seulement des images, Annoté donc pas de prédictions",
v0,20151026_REU-La-Saline_scuba,REU,Hermitage,20151026,,,,no,no,no,2015_plancha_session,SEATIZEN,PM,"Seulement des images, Annoté donc pas de prédictions",
v0,20151210_REU-La-Saline_scuba,REU,Hermitage,20151210,,,,no,no,no,2015_plancha_session,SEATIZEN,PM,"Seulement des images, Annoté donc pas de prédictions",
v0,20151210_REU-St-Gilles_scuba,REU,La Saline,20151210,,,,no,no,no,2015_plancha_session,SEATIZEN,PM,"Seulement des images, Annoté donc pas de prédictions",
v0,20210113_REU-HERMITAGE_SCUBA-1_00,REU,Hermitage,20210113,,,,no,yes,no,2021_plancha_session,SEATIZEN,,Pas de gps,
v2,20210113_REU-HERMITAGE_PADDLE-1_00,REU,Hermitage,20210113,,,,no,yes,yes,2021_plancha_session,SEATIZEN,,Juste device LLH,
v2,20210114_REU-HERMITAGE_PADDLE-2_00,REU,Hermitage,20210114,,,,no,no,no,2021_plancha_session,SEATIZEN,,Juste device LLH,
v2,20210118_REU-ST-LEU_PADDLE-2_00,REU,Saint Leu,20210118,,,,no,yes,yes,2021_plancha_session,SEATIZEN,,Juste device LLH,
v2,20210210_REU-ST-LEU_PADDLE-2_00,REU,Saint Leu,20210210,,,,no,yes,yes,2021_plancha_session,SEATIZEN,,Juste device LLH,
v0,20210218_REU-HERMITAGE_SCUBA-1_00,REU,Hermitage,20210218,,,,no,no,no,2021_plancha_session,SEATIZEN,,Pas de gps,
v2,20210218_REU-HERMITAGE_PADDLE-1_00,REU,Hermitage,20210218,,,,no,yes,yes,2021_plancha_session,SEATIZEN,,Juste device LLH,
v2,20210218_REU-HERMITAGE_PADDLE-1_01,REU,Hermitage,20210218,,,,no,yes,yes,2021_plancha_session,SEATIZEN,,Juste device LLH,
v2,20210310_REU-HERMITAGE_SCUBA-1_00,REU,Hermitage,20210310,,,,no,yes,yes,2021_plancha_session,SEATIZEN,,Juste device LLH,
v2,20210310_REU-HERMITAGE_SCUBA-1_01,REU,Hermitage,20210310,,,,no,no,no,2021_plancha_session,SEATIZEN,,Juste device LLH,
v2,20210310_REU-HERMITAGE_SCUBA-2_00,REU,Hermitage,20210310,,,,no,yes,yes,2021_plancha_session,SEATIZEN,,Juste device LLH,
v2,20210310_REU-HERMITAGE_SCUBA-2_01,REU,Hermitage,20210310,,,,no,yes,yes,2021_plancha_session,SEATIZEN,,Juste device LLH,
v2,20210310_REU-HERMITAGE_SCUBA-2_02,REU,Hermitage,20210310,,,,no,yes,yes,2021_plancha_session,SEATIZEN,,Juste device LLH,
v0,20210317_REU-HERMITAGE_SCUBA-1_00,REU,Hermitage,20210317,,,,no,yes,no,2021_plancha_session,SEATIZEN,,Pas de gps,
v0,20210317_REU-HERMITAGE_SCUBA-1_01,REU,Hermitage,20210317,,,,no,yes,no,2021_plancha_session,SEATIZEN,,Pas de gps,
v0,20210317_REU-HERMITAGE_SCUBA-2_00,REU,Hermitage,20210317,,,,no,yes,no,2021_plancha_session,SEATIZEN,,Pas de gps,
v0,20210317_REU-HERMITAGE_SCUBA-2_01,REU,Hermitage,20210317,,,,no,yes,no,2021_plancha_session,SEATIZEN,,Pas de gps,
v0,20210401_REU-HERMITAGE_SCUBA-1_00,REU,Hermitage,20210401,,,,no,yes,no,2021_plancha_session,SEATIZEN,,Pas de gps,
v2,20210401_REU-HERMITAGE_SCUBA-1_01,REU,Hermitage,20210401,,,,no,yes,yes,2021_plancha_session,SEATIZEN,,Juste device LLH,
v0,20210401_REU-HERMITAGE_SCUBA-2_00,REU,Hermitage,20210401,,,,no,yes,no,2021_plancha_session,SEATIZEN,,Pas de gps,
v0,20210401_REU-HERMITAGE_SCUBA-2_01,REU,Hermitage,20210401,,,,no,yes,no,2021_plancha_session,SEATIZEN,,Pas de gps,
v0,20230112_REU-ST-GILLES_ASV-1_00,REU,Saint Gilles,20230112,-,-,,no,yes,no,202301-07_plancha_session,,MR,GPS BASE MANQUE / DEVICE RINEX,
v0,20230112_REU-ST-GILLES_ASV-1_01,REU,Saint Gilles,20230112,-,,,no,yes,no,202301-07_plancha_session,,MR,GPS BASE MANQUE / DEVICE RINEX,
v2,20230117_REU-GRANDFOND_ASV-1_00,REU,Grandfond,20230117,-,,,yes,yes,yes,202301-07_plancha_session,,MR,GPS BASE MANQUE / DEVICE RINEX pas de ppk,
v2,20230117_REU-GRANDFOND_ASV-1_01,REU,Grandfond,20230117,-,,,yes,yes,yes,202301-07_plancha_session,,MR,GPS BASE MANQUE / DEVICE RINEX pas de ppk ,
v1,20230118_REU-GRANDFOND_ASV-1_00,REU,Grandfond,20230118,-,-,,yes,yes,yes,202301-07_plancha_session,,MR,"normalement la planche était en ppk, ""filt_exclude_specific_timeUS"": [[2716456718 3264256788  ]], 5",
v1,20230118_REU-GRANDFOND_ASV-1_01,REU,Grandfond,20230118,-,-,,yes,yes,yes,202301-07_plancha_session,,MR,normalement la planche était en ppk,
v1,20230131_REU-GRANDFOND_ASV-1_00,REU,Grandfond,20230131,-,-,,yes,yes,yes,202301-07_plancha_session,,MR,normalement la planche était en ppk,
v1,20230131_REU-GRANDFOND_ASV-1_01,REU,Grandfond,20230131,-,-,,yes,yes,yes,202301-07_plancha_session,,MR,normalement la planche était en ppk,
v2,20230131_REU-GRANDFOND_ASV-2_00,REU,Grandfond,20230131,-,-,,no,yes,yes,202301-07_plancha_session,,MR,EchoSondeur didn't launch,
v2,20230131_REU-GRANDFOND_ASV-2_01,REU,Grandfond,20230131,-,-,,no,yes,yes,202301-07_plancha_session,,MR,EchoSondeur didn't launch,
v1,20230203_REU-GRANDFOND_ASV-1_00,REU,Grandfond,20230203,-,-,,yes,yes,yes,202301-07_plancha_session,,MR,,
v1,20230203_REU-GRANDFOND_ASV-1_01,REU,Grandfond,20230203,-,-,,yes,yes,yes,202301-07_plancha_session,,MR,"""filt_exclude_specific_timeUS"": [[2962217764,3038617756 ]]",
v1,20230203_REU-GRANDFOND_ASV-1_02,REU,Grandfond,20230203,-,-,,yes,yes,yes,202301-07_plancha_session,,MR,,
v2,20230203_REU-GRANDFOND_ASV-2_00,REU,Grandfond,20230203,-,-,,no,yes,yes,202301-07_plancha_session,,MR,EchoSondeur doesn't launch,
v1,20230206_REU-GRANDFOND_ASV-1_00,REU,Grandfond,20230206,-,-,,yes,yes,yes,202301-07_plancha_session,,MR,,
v1,20230206_REU-GRANDFOND_ASV-1_01,REU,Grandfond,20230206,-,-,,yes,yes,yes,202301-07_plancha_session,,MR,"""filt_exclude_specific_timeUS"": [[2628338835, 2719958932]]",
v2,20230206_REU-GRANDFOND_ASV-2_00,REU,Grandfond,20230206,-,-,,no,yes,yes,202301-07_plancha_session,,MR,EchoSondeur doesn't launch,
v1,20230206_REU-GRANDFOND_ASV-2_01,REU,Grandfond,20230206,-,-,,yes,yes,yes,202301-07_plancha_session,,MR,,
v1,20230207_REU-HERMITAGE_ASV-1_00,REU,Hermitage,20230207,-,-,,yes,yes,yes,202301-07_plancha_session,,MR,GPS BASE MANQUE,
v2,20230502_REU-HERMITAGE_ASV-2_00,REU,Hermitage,20230502,-,-,,no,yes,yes,202301-07_plancha_session,,MR,EchoSondeur doesn't launch,
v2,20230511_REU-HERMITAGE_ASV-2_00,REU,Hermitage,20230511,-,-,,no,yes,yes,202301-07_plancha_session,,MR,EchoSondeur doesn't launch,
v0,20230511_REU-HERMITAGE_ASV-2_01,REU,Hermitage,20230511,-,-,,no,yes,no,202301-07_plancha_session,,MR,"EchoSondeur doesn't launch, PAS DE GPS",
v0,20230511_REU-HERMITAGE_ASV-2_02,REU,Hermitage,20230511,-,-,,no,yes,no,202301-07_plancha_session,,MR,"EchoSondeur doesn't launch, PAS DE GPS",
v2,20230530_REU-HERMITAGE_ASV-1_00,REU,Hermitage,20230530,-,-,,yes,yes,yes,202301-07_plancha_session,,MR,Bathy déguelasse,
v1,20230530_REU-HERMITAGE_ASV-2_00,REU,Hermitage,20230530,-,-,,no,yes,yes,202301-07_plancha_session,,MR,,
v2,20230531_REU-HERMITAGE_ASV-1_00,REU,Hermitage,20230531,-,-,,yes,yes,yes,202301-07_plancha_session,,MR,Bathy déguelasse,
v1,20230531_REU-HERMITAGE_ASV-1_01,REU,Hermitage,20230531,-,-,,yes,yes,yes,202301-07_plancha_session,,MR,,
v1,20230531_REU-HERMITAGE_ASV-2_00,REU,Hermitage,20230531,-,-,,no,yes,yes,202301-07_plancha_session,,MR,,
v1,20230531_REU-HERMITAGE_ASV-2_01,REU,Hermitage,20230531,-,-,,no,yes,yes,202301-07_plancha_session,,MR,,
v2,20230601_REU-HERMITAGE_ASV-1_00,REU,Hermitage,20230601,-,-,,yes,yes,yes,202301-07_plancha_session,,MR,Bathy déguelasse,
v2,20230601_REU-HERMITAGE_ASV-1_01,REU,Hermitage,20230601,-,-,,yes,yes,yes,202301-07_plancha_session,,MR,Bathy déguelasse,
v1,20230601_REU-HERMITAGE_ASV-2_00,REU,Hermitage,20230601,-,-,,no,yes,yes,202301-07_plancha_session,,MR,,
v1,20230601_REU-HERMITAGE_ASV-2_01,REU,Hermitage,20230601,-,-,,no,yes,yes,202301-07_plancha_session,,MR,,
v1,20230601_REU-HERMITAGE_ASV-2_02,REU,Hermitage,20230601,-,-,,no,yes,yes,202301-07_plancha_session,,MR,,
v3,20230628_REU-CAP-LA-HOUSSAYE_ASV-2_00,REU,Cap LaHoussaye,20230628,-,-,,no,yes,yes,202301-07_plancha_session,,MR,All the three sessions are the same but with different frames bin est cassé,
v3,20230628_REU-CAP-LA-HOUSSAYE_ASV-2_01,REU,Cap LaHoussaye,20230628,-,-,,no,yes,yes,202301-07_plancha_session,,MR,,
v3,20230628_REU-CAP-LA-HOUSSAYE_ASV-2_02,REU,Cap LaHoussaye,20230628,-,-,,no,yes,yes,202301-07_plancha_session,,MR,,
v0,20230725_REU-ST-GILLES-PENTE-EXTERNE_ASV-1_00,REU,Saint gilles,20230725,-,-,,no,yes,no,202301-07_plancha_session,,MR,Pas de GPS,
v1,20230726_REU-HERMITAGE_ASV-1_00,REU,Hermitage,20230726,-,-,,yes,yes,yes,202301-07_plancha_session,,MR,,
v1,20230726_REU-HERMITAGE_ASV-2_00,REU,Hermitage,20230726,-,-,,no,yes,yes,202301-07_plancha_session,,MR,,
v1,20230906_REU-BOUCAN_ASV-1_01,REU,Boucan canot,20230906,"1,5",grid,PPK with a Reach base connected to Centipede,yes,yes,yes,202309_plancha_session,projet PLANCHA/BIOEOS,MR,"PPK nul, Utilisation RGP rgp - lepo: 30% (moins de points en dehors) base : 29%",
v1,20230906_REU-BOUCAN_ASV-1_02,REU,Boucan canot,20230906,"1,5",grid,PPK with a Reach base connected to Centipede,yes,yes,yes,202309_plancha_session,projet PLANCHA/BIOEOS,MR,,
v1,20230907_REU-BOUCAN_ASV-1_01,REU,Boucan canot,20230907,"1,5",grid,PPK with a Reach base connected to Centipede,yes,yes,yes,202309_plancha_session,projet PLANCHA/BIOEOS,MR,,
v1,20230907_REU-BOUCAN_ASV-1_02,REU,Boucan canot,20230907,"1,5",grid,PPK with a Reach base connected to Centipede,yes,yes,yes,202309_plancha_session,projet PLANCHA/BIOEOS,MR,,
v1,20230908_REU-BOUCAN_ASV-1_01,REU,Boucan canot,20230908,"1,5",grid,PPK with a Reach base connected to Centipede,yes,yes,yes,202309_plancha_session,projet PLANCHA/BIOEOS,MR,,
v1,20230908_REU-BOUCAN_ASV-1_02,REU,Boucan canot,20230908,"1,5",grid,PPK with a Reach base connected to Centipede,yes,yes,yes,202309_plancha_session,projet PLANCHA/BIOEOS,MR,,
v1,20230913_REU-BOUCAN_ASV-1_01,REU,Boucan canot,20230913,"1,5",grid,PPK with a Reach base connected to Centipede,yes,yes,yes,202309_plancha_session,projet PLANCHA/BIOEOS,MR,,
v3,20230913_REU-BOUCAN_ASV-1_02,REU,Boucan canot,20230913,"1,5",grid,PPK with a Reach base connected to Centipede,yes,yes,yes,202309_plancha_session,projet PLANCHA/BIOEOS,MR,"""filt_exclude_specific_timeUS"": [[881813377, 1232393817]]",
v1,20230913_REU-BOUCAN_ASV-2_01,REU,Boucan canot,20230913,"1,5",grid,PPK with a Reach base connected to Centipede,yes,yes,yes,202309_plancha_session,projet PLANCHA/BIOEOS,MR,,
v1,20230922_REU-HERMITAGE_ASV-1_01,REU,Hermitage,20230922,1,grid,PPK with a Reach base connected to Centipede,yes,yes,yes,202309_plancha_session,projet PLANCHA/BIOEOS,MR,,
v1,20230922_REU-HERMITAGE_ASV-1_02,REU,Hermitage,20230922,1,grid,PPK with a Reach base connected to Centipede,yes,yes,yes,202309_plancha_session,projet PLANCHA/BIOEOS,MR,,
v1,20230925_REU-HERMITAGE_ASV-1_01,REU,Hermitage,20230925,1,grid,PPK with a Reach base connected to Centipede,yes,yes,yes,202309_plancha_session,projet PLANCHA/BIOEOS,MR,,
v1,20230925_REU-HERMITAGE_ASV-1_02,REU,Hermitage,20230925,1,grid,PPK with a Reach base connected to Centipede,yes,yes,yes,202309_plancha_session,projet PLANCHA/BIOEOS,MR,,
v1,20230926_REU-HERMITAGE_ASV-1_01,REU,Hermitage,20230926,1,grid,PPK with a Reach base connected to Centipede,yes,yes,yes,202309_plancha_session,projet PLANCHA/BIOEOS,MR,,
v1,20230926_REU-HERMITAGE_ASV-2_01,REU,Hermitage,20230926,1,grid,PPK with a Reach base connected to Centipede,yes,yes,yes,202309_plancha_session,projet PLANCHA/BIOEOS,MR,,
v1,20230927_REU-HERMITAGE_ASV-1_01,REU,Hermitage,20230927,1,grid,PPK with a Reach base connected to Centipede,yes,yes,yes,202309_plancha_session,projet PLANCHA/BIOEOS,MR,,
v1,20230927_REU-HERMITAGE_ASV-2_01,REU,Hermitage,20230927,1,grid,PPK with a Reach base connected to Centipede,yes,yes,yes,202309_plancha_session,projet PLANCHA/BIOEOS,MR,,
v1,20231018_REU-ST-LEU_ASV-1_01,REU,Saint Leu,20231018,1,linear,PPK with a Reach base connected to Centipede,yes,yes,yes,202310_plancha_session,projet PLANCHA/BIOEOS,"BA, VI, MJ",PPK Q5 > 50%,
v2,20231018_REU-ST-LEU_ASV-1_02,REU,Saint Leu,20231018,1,linear,PPK with a Reach base connected to Centipede,yes,yes,yes,202310_plancha_session,projet PLANCHA/BIOEOS,"BA, VI, MJ",PPK Q5 > 70%,
v1,20231018_REU-ST-LEU_ASV-2_01,REU,Saint Leu,20231018,1,linear,PPK with a Reach base connected to Centipede,yes,yes,yes,202310_plancha_session,projet PLANCHA/BIOEOS,"BA, VI, MJ",,
v2,20231019_REU-ST-LEU_ASV-1_01,REU,Saint Leu,20231019,1,linear,PPK with a Reach base connected to Centipede,yes,yes,yes,202310_plancha_session,projet PLANCHA/BIOEOS,"BA, VI, MJ",PPK Q1 30% et bathy inexploitable,
v1,20231019_REU-ST-LEU_ASV-2_01,REU,Saint Leu,20231019,1,linear,PPK with a Reach base connected to Centipede,yes,yes,yes,202310_plancha_session,projet PLANCHA/BIOEOS,"BA, VI, MJ",,
v1,20231019_REU-ST-LEU_ASV-2_02,REU,Saint Leu,20231019,1,linear,PPK with a Reach base connected to Centipede,yes,yes,yes,202310_plancha_session,projet PLANCHA/BIOEOS,"BA, VI, MJ",,
v1,20231021_REU-ST-LEU_ASV-2_01,REU,Saint Leu,20231021,1,linear,PPK with a Reach base connected to Centipede,yes,yes,yes,202310_plancha_session,projet PLANCHA/BIOEOS,BA,,
v1,20231021_REU-ST-LEU_ASV-2_02,REU,Saint Leu,20231021,1,linear,PPK with a Reach base connected to Centipede,yes,yes,yes,202310_plancha_session,projet PLANCHA/BIOEOS,BA,,
v1,20231024_REU-ST-LEU_ASV-2_01,REU,Saint Leu,20231024,1,linear,PPK with a Reach base connected to Centipede,yes,yes,yes,202310_plancha_session,projet PLANCHA/BIOEOS,"BA, VI",,
v2,20231024_REU-ST-LEU_ASV-2_02,REU,Saint Leu,20231024,1,linear,PPK with a Reach base connected to Centipede,no,yes,yes,202310_plancha_session,projet PLANCHA/BIOEOS,"BA, VI",Le bin est cassé,
v1,20231024_REU-ST-LEU_ASV-2_03,REU,Saint Leu,20231024,1,linear,PPK with a Reach base connected to Centipede,yes,yes,yes,202310_plancha_session,projet PLANCHA/BIOEOS,"BA, VI",,
v1,20231027_REU-ST-LEU_ASV-1_01,REU,Saint Leu,20231027,1,linear,PPK with a Reach base connected to Centipede,yes,yes,yes,202310_plancha_session,projet PLANCHA/BIOEOS,"BA, VI",,
v1,20231027_REU-ST-LEU_ASV-1_02,REU,Saint Leu,20231027,1,linear,PPK with a Reach base connected to Centipede,yes,yes,yes,202310_plancha_session,projet PLANCHA/BIOEOS,"BA, VI",,
v1,20231027_REU-ST-LEU_ASV-1_03,REU,Saint Leu,20231027,1,linear,PPK with a Reach base connected to Centipede,yes,yes,yes,202310_plancha_session,projet PLANCHA/BIOEOS,"BA, VI",,
v1,20231027_REU-ST-LEU_ASV-2_01,REU,Saint Leu,20231027,1,linear,PPK with a Reach base connected to Centipede,yes,yes,yes,202310_plancha_session,projet PLANCHA/BIOEOS,"BA, VI",,
v1,20231027_REU-ST-LEU_ASV-2_02,REU,Saint Leu,20231027,1,linear,PPK with a Reach base connected to Centipede,yes,yes,yes,202310_plancha_session,projet PLANCHA/BIOEOS,"BA, VI",,
v1,20231027_REU-ST-LEU_ASV-2_03,REU,Saint Leu,20231027,1,linear,PPK with a Reach base connected to Centipede,yes,yes,yes,202310_plancha_session,projet PLANCHA/BIOEOS,"BA, VI",,
v3,20231103_REU-ST-LEU_ASV-2_01,REU,Saint Leu,20231103,1,linear,PPK with a Reach base connected to Centipede,yes,yes,yes,202311_plancha_session,projet PLANCHA/BIOEOS,BA,"""filt_exclude_specific_timeUS"": [[4822708939, 4866288910],[4821708944, 5236088887]]",
v2,20231108_REU-ST-LEU_ASV-2_01,REU,Saint Leu Port,20231108,,projet PLANCHA/BIOEOS,PPK with a Reach base connected to Centipede,no,no,no,202311_plancha_session,projet PLANCHA/BIOEOS,SL,"Pas de sondeur, Pas mise à l'eau",
v1,20231108_REU-ST-LEU_ASV-2_02,REU,Saint Leu Port,20231108,,,PPK with a Reach base connected to Centipede,yes,yes ,yes,202311_plancha_session,projet PLANCHA/BIOEOS,SL,,
v1,20231108_REU-ST-LEU_ASV-2_03,REU,Saint Leu Port,20231108,,,PPK with a Reach base connected to Centipede,yes,yes,yes,202311_plancha_session,projet PLANCHA/BIOEOS,SL,Pas énormément de points mais on garde quand même,
v1,20231109_REU-BOUCAN_ASV-1_01,REU,Pente externe Boucan,20231109,,,PPK with a Reach base connected to Centipede,yes,no,no,202311_plancha_session,projet PLANCHA/BIOEOS,"SL, MR, VI, MJ",Trop peu d'image,
v2,20231109_REU-BOUCAN_ASV-1_02,REU,Pente externe Boucan,20231109,,,PPK with a Reach base connected to Centipede,yes,no,no,202311_plancha_session,projet PLANCHA/BIOEOS,"SL, MR, VI, MJ","PPK Q2 > 70%, Bathy pas terrible, Trop peu d'image",
v2,20231109_REU-BOUCAN_ASV-1_03,REU,Pente externe Boucan,20231109,,,PPK with a Reach base connected to Centipede,yes,yes,yes,202311_plancha_session,projet PLANCHA/BIOEOS,"SL, MR, VI, MJ","PPk Q2 > 95%, Après filtration plus aucun point pour la bathy",
v1,20231109_REU-BOUCAN_ASV-2_01,REU,Pente externe Boucan,20231109,,,PPK with a Reach base connected to Centipede,yes,yes,yes,202311_plancha_session,projet PLANCHA/BIOEOS,"SL, MR, VI, MJ",Trop peu d'image,
v1,20231109_REU-BOUCAN_ASV-2_02,REU,Pente externe Boucan,20231109,,,PPK with a Reach base connected to Centipede,yes,yes,yes,202311_plancha_session,projet PLANCHA/BIOEOS,"SL, MR, VI, MJ",Trop peu d'image,
v2,20231109_REU-BOUCAN_ASV-2_03,REU,Pente externe Boucan,20231109,,,PPK with a Reach base connected to Centipede,yes,yes,yes,202311_plancha_session,projet PLANCHA/BIOEOS,"SL, MR, VI, MJ","PPK Q2 > 90%, Bathy nulle",
v3,20231110_REU-ST-LEU_ASV-1_01,REU,Saint Leu,20231110,,,PPK with a Reach base connected to Centipede,yes,yes,yes,202311_plancha_session,projet PLANCHA/BIOEOS,SL,"""filt_exclude_specific_timeUS"": [[2776917646 ,4838097726]]",
v1,20231110_REU-ST-LEU_ASV-1_02,REU,Saint Leu,20231110,,,PPK with a Reach base connected to Centipede,yes,yes,yes,202311_plancha_session,projet PLANCHA/BIOEOS,SL,,
v1,20231110_REU-ST-LEU_ASV-1_03,REU,Saint Leu,20231110,,,PPK with a Reach base connected to Centipede,yes,yes,yes,202311_plancha_session,projet PLANCHA/BIOEOS,SL,,
v1,20231110_REU-ST-LEU_ASV-1_04,REU,Saint Leu,20231110,,,PPK with a Reach base connected to Centipede,yes,yes,yes,202311_plancha_session,projet PLANCHA/BIOEOS,SL,,
v1,20231110_REU-ST-LEU_ASV-2_01,REU,Saint Leu,20231110,,,PPK with a Reach base connected to Centipede,yes,yes,yes,202311_plancha_session,projet PLANCHA/BIOEOS,SL,Garde mais trou dans bathy,
v1,20231110_REU-ST-LEU_ASV-2_02,REU,Saint Leu,20231110,,,PPK with a Reach base connected to Centipede,yes,yes,yes,202311_plancha_session,projet PLANCHA/BIOEOS,SL,,
v1,20231110_REU-ST-LEU_ASV-2_03,REU,Saint Leu,20231110,,,PPK with a Reach base connected to Centipede,yes,yes,yes,202311_plancha_session,projet PLANCHA/BIOEOS,SL,,
v1,20231110_REU-ST-LEU_ASV-2_04,REU,Saint Leu,20231110,,,PPK with a Reach base connected to Centipede,yes,yes,yes,202311_plancha_session,projet PLANCHA/BIOEOS,SL,,
v3,20231114_REU-HERMITAGE_ASV-1_01,REU,Hermitage,20231114,,,PPK with a Reach base connected to Centipede,yes,yes,yes,202311_plancha_session,projet PLANCHA/BIOEOS,SL,"""filt_exclude_specific_timeUS"": [[2687819741, 3065819676]]",
v1,20231114_REU-HERMITAGE_ASV-1_02,REU,Hermitage,20231114,,,PPK with a Reach base connected to Centipede,yes,yes,yes,202311_plancha_session,projet PLANCHA/BIOEOS,SL,,
v1,20231115_REU-BOUCAN_ASV-1_01,REU,Boucan,20231115,5,grid,PPK with a Reach base connected to Centipede,yes,no,no,202311_plancha_session,projet PLANCHA/BIOEOS,"MR, VI, AL",,
v1,20231115_REU-BOUCAN_ASV-1_02,REU,Boucan,20231115,5,grid,PPK with a Reach base connected to Centipede,yes,no,no,202311_plancha_session,projet PLANCHA/BIOEOS,"MR, VI, AL",,
v3,20231115_REU-BOUCAN_ASV-2_01,REU,Boucan,20231115,5,grid,PPK with a Reach base connected to Centipede,yes,no,no,202311_plancha_session,projet PLANCHA/BIOEOS,"MR, VI, AL","""filt_exclude_specific_timeUS"": [[425698833, 593498721]]",
v3,20231116_REU-BOUCAN_ASV-1_01,REU,Boucan,20231116,2,grid,PPK with a Reach base connected to Centipede,yes,yes,yes,202311_plancha_session,projet PLANCHA/BIOEOS,"MR, SL","""filt_exclude_specific_timeUS"": [[3574864488, 4150864643]]",
v3,20231116_REU-BOUCAN_ASV-1_02,REU,Boucan,20231116,2,grid,PPK with a Reach base connected to Centipede,yes,yes,yes,202311_plancha_session,projet PLANCHA/BIOEOS,"MR, SL","""filt_exclude_specific_timeUS"": [[3574864488, 4150864643]]",
v2,20231116_REU-BOUCAN_ASV-1_03,REU,Boucan,20231116,2,grid,PPK with a Reach base connected to Centipede,yes,yes,yes,202311_plancha_session,projet PLANCHA/BIOEOS,"MR, SL",PPK => 50% Q2,
v2,20231116_REU-BOUCAN_ASV-1_04,REU,Boucan,20231116,2,grid,PPK with a Reach base connected to Centipede,yes,yes,yes,202311_plancha_session,projet PLANCHA/BIOEOS,"MR, SL",PPK => 70% Q2,
v1,20231117_REU-BOUCAN_ASV-1_01,REU,Boucan,20231117,5,grid,PPK with a Reach base connected to Centipede,yes,no,no,202311_plancha_session,projet PLANCHA/BIOEOS,"MR, AL",,
v1,20231117_REU-BOUCAN_ASV-1_02,REU,Boucan,20231117,5,grid,PPK with a Reach base connected to Centipede,yes,no,no,202311_plancha_session,projet PLANCHA/BIOEOS,"MR, AL",,
v2,20231117_REU-BOUCAN_ASV-2_01,REU,Boucan,20231117,5,grid,PPK with a Reach base connected to Centipede,yes,no,no,202311_plancha_session,projet PLANCHA/BIOEOS,"MR, AL",Problème avec bad values -1,
v2,20231120_REU-HERMITAGE_ASV-1_01,REU,Pente externe Hermitage,20231120,2,grid,PPK with a Reach base connected to Centipede,yes,no,no,202311_plancha_session,projet PLANCHA/BIOEOS,"MR, SL, VI","Problème de tracé, les valeurs de bathy incohérentes",
v2,20231120_REU-HERMITAGE_ASV-1_02,REU,Pente externe Hermitage,20231120,2,grid,PPK with a Reach base connected to Centipede,yes,no,no,202311_plancha_session,projet PLANCHA/BIOEOS,"MR, SL, VI","Pas fini, pas assez de point pour sortir une bonne bathy",
v1,20231120_REU-BOUCAN_ASV-1_03,REU,Boucan,20231120,2,grid,PPK with a Reach base connected to Centipede,yes,yes,yes,202311_plancha_session,projet PLANCHA/BIOEOS,"MR, SL, VI",,
v2,20231120_REU-BOUCAN_ASV-2_01,REU,Boucan,20231120,2,grid,PPK with a Reach base connected to Centipede,no,yes,yes,202311_plancha_session,projet PLANCHA/BIOEOS,"MR, SL, VI",Echo sounder doesn't launch,
v1,20231121_REU-BOUCAN_ASV-1_01,REU,Boucan,20231121,2,grid,PPK with a Reach base connected to Centipede,yes,yes,yes,202311_plancha_session,projet PLANCHA/BIOEOS,"MR, AL, VI",,
v2,20231121_REU-BOUCAN_ASV-1_02,REU,Boucan,20231121,2,grid,PPK with a Reach base connected to Centipede,yes,yes,yes,202311_plancha_session,projet PLANCHA/BIOEOS,"MR, AL, VI",PPK 60%Q2,
v3,20231121_REU-BOUCAN_ASV-1_03,REU,Boucan,20231121,2,grid,PPK with a Reach base connected to Centipede,yes,yes,yes,202311_plancha_session,projet PLANCHA/BIOEOS,"MR, AL, VI","""filt_exclude_specific_timeUS"": [[2901354914, 2903954957], [1568354928, 1569954971]]",
v2,20231121_REU-BOUCAN_ASV-2_01,REU,Boucan,20231121,2,grid,PPK with a Reach base connected to Centipede,no,yes,yes,202311_plancha_session,projet PLANCHA/BIOEOS,"MR, AL, VI",Pas de fichier bin,
v2,20231121_REU-BOUCAN_ASV-2_02,REU,Boucan,20231121,2,grid,PPK with a Reach base connected to Centipede,no,yes,yes,202311_plancha_session,projet PLANCHA/BIOEOS,"MR, AL, VI",Pas de fichier bin,
v2,20231121_REU-BOUCAN_ASV-2_03,REU,Boucan,20231121,2,grid,PPK with a Reach base connected to Centipede,no,yes,yes,202311_plancha_session,projet PLANCHA/BIOEOS,"MR, AL, VI",Pas de fichier bin,
v1,20231122_REU-BOUCAN_ASV-1_01,REU,Boucan,20231122,2,grid,PPK with a Reach base connected to Centipede,yes,yes,yes,202311_plancha_session,projet PLANCHA/BIOEOS,"MR, AL, VI",,
v2,20231122_REU-BOUCAN_ASV-1_02,REU,Boucan,20231122,2,grid,PPK with a Reach base connected to Centipede,yes,yes,yes,202311_plancha_session,projet PLANCHA/BIOEOS,"MR, AL, VI",PPK 50% de Q2,
v1,20231122_REU-BOUCAN_ASV-1_03,REU,Boucan,20231122,2,grid,PPK with a Reach base connected to Centipede,yes,yes,yes,202311_plancha_session,projet PLANCHA/BIOEOS,"MR, AL, VI",,
v1,20231122_REU-BOUCAN_ASV-2_01,REU,Boucan,20231122,2,grid,PPK with a Reach base connected to Centipede,yes,yes,yes,202311_plancha_session,projet PLANCHA/BIOEOS,"MR, AL, VI",,
v2,20231122_REU-BOUCAN_ASV-2_02,REU,Boucan,20231122,2,grid,PPK with a Reach base connected to Centipede,yes,yes,yes,202311_plancha_session,projet PLANCHA/BIOEOS,"MR, AL, VI","PPK 90% de Q2, Bathy bizarre, mesure à 50m",
v1,20231122_REU-BOUCAN_ASV-2_03,REU,Boucan,20231122,2,grid,PPK with a Reach base connected to Centipede,yes,yes,yes,202311_plancha_session,projet PLANCHA/BIOEOS,"MR, AL, VI",,
v2,20231123_REU-TROU-DEAU_ASV-1_01,REU,Trou d'eau,20231123,1,linear,PPK with a Reach base connected to Centipede,yes,yes,yes,202311_plancha_session,projet PLANCHA/BIOEOS,"SL, VI",PPK Q1 25%,
v1,20231123_REU-TROU-DEAU_ASV-1_02,REU,Trou d'eau,20231123,1,linear,PPK with a Reach base connected to Centipede,yes,yes,yes,202311_plancha_session,projet PLANCHA/BIOEOS,"SL, VI",,
v3,20231123_REU-TROU-DEAU_ASV-1_03,REU,Trou d'eau,20231123,1,linear,PPK with a Reach base connected to Centipede,yes,yes,yes,202311_plancha_session,projet PLANCHA/BIOEOS,"SL, VI","""filt_exclude_specific_timeUS"": [[318922141, 357322153]]",
v3,20231123_REU-TROU-DEAU_ASV-1_04,REU,Trou d'eau,20231123,1,linear,PPK with a Reach base connected to Centipede,yes,yes,yes,202311_plancha_session,projet PLANCHA/BIOEOS,"SL, VI","""filt_exclude_specific_timeUS"": [[3910910051,4144110267]]",
v2,20231123_REU-TESSIER_ASV-1_01,REU,Tessier,20231123,1,linear,PPK with a Reach base connected to Centipede,yes,yes,yes,202311_plancha_session,projet PLANCHA/BIOEOS,"SL, VI",PPK Q2 60%,
v1,20231124_REU-HERMITAGE_ASV-1_01,REU,Pente externe Hermitage,20231124,2,grid,PPK with a Reach base connected to Centipede,yes,yes,yes,202311_plancha_session,projet PLANCHA/BIOEOS,"MR, AL, VI",,
v1,20231124_REU-HERMITAGE_ASV-1_02,REU,Pente externe Hermitage,20231124,2,grid,PPK with a Reach base connected to Centipede,yes,yes,yes,202311_plancha_session,projet PLANCHA/BIOEOS,"MR, AL, VI",,
v2,20231124_REU-HERMITAGE_ASV-1_03,REU,Pente externe Hermitage,20231124,2,grid,PPK with a Reach base connected to Centipede,yes,yes,yes,202311_plancha_session,projet PLANCHA/BIOEOS,"MR, AL, VI",PPK Q2 90%,
v1,20231124_REU-HERMITAGE_ASV-2_01,REU,Pente externe Hermitage,20231124,2,grid,PPK with a Reach base connected to Centipede,yes,yes,yes,202311_plancha_session,projet PLANCHA/BIOEOS,"MR, AL, VI",,
v1,20231124_REU-HERMITAGE_ASV-2_02,REU,Pente externe Hermitage,20231124,2,grid,PPK with a Reach base connected to Centipede,yes,yes,yes,202311_plancha_session,projet PLANCHA/BIOEOS,"MR, AL, VI",,
v1,20231127_REU-HERMITAGE_ASV-1_01,REU,Pente externe Hermitage,20231127,2,grid,PPK with a Reach base connected to Centipede,yes,yes,yes,202311_plancha_session,projet PLANCHA/BIOEOS,"MR, AL, SB",,
v1,20231127_REU-HERMITAGE_ASV-1_02,REU,Pente externe Hermitage,20231127,2,grid,PPK with a Reach base connected to Centipede,yes,yes,yes,202311_plancha_session,projet PLANCHA/BIOEOS,"MR, AL, SB",,
v1,20231127_REU-HERMITAGE_ASV-1_03,REU,Pente externe Hermitage,20231127,2,grid,PPK with a Reach base connected to Centipede,yes,yes,yes,202311_plancha_session,projet PLANCHA/BIOEOS,"MR, AL, SB",,
v1,20231127_REU-HERMITAGE_ASV-2_01,REU,Pente externe Hermitage,20231127,2,grid,PPK with a Reach base connected to Centipede,yes,yes,yes,202311_plancha_session,projet PLANCHA/BIOEOS,"MR, AL, SB",,
v1,20231127_REU-HERMITAGE_ASV-2_02,REU,Pente externe Hermitage,20231127,2,grid,PPK with a Reach base connected to Centipede,yes,yes,yes,202311_plancha_session,projet PLANCHA/BIOEOS,"MR, AL, SB",,
v1,20231127_REU-HERMITAGE_ASV-2_03,REU,Pente externe Hermitage,20231127,2,grid,PPK with a Reach base connected to Centipede,yes,yes,yes,202311_plancha_session,projet PLANCHA/BIOEOS,"MR, AL, SB","""filt_exclude_specific_timeUS"": [[641643950, 700444139]]",
v1,20231128_REU-HERMITAGE_ASV-1_01,REU,Pente externe Hermitage,20231128,5,grid,PPK with a Reach base connected to Centipede,yes,no,no,202311_plancha_session,projet PLANCHA/BIOEOS,"MR, SB, VI",,
v1,20231128_REU-CAP-HOMARD_ASV-1_01,REU,Cap Homard,20231128,2,grid,PPK with a Reach base connected to Centipede,yes,yes,yes,202311_plancha_session,projet PLANCHA/BIOEOS,"MR, SB, VI",,
v2,20231128_REU-CAP-HOMARD_ASV-1_02,REU,Cap Homard,20231128,2,grid,PPK with a Reach base connected to Centipede,yes,yes,yes,202311_plancha_session,projet PLANCHA/BIOEOS,"MR, SB, VI",PPK Q2 80%,
v1,20231128_REU-CAP-HOMARD_ASV-2_01,REU,Cap Homard,20231128,2,grid,PPK with a Reach base connected to Centipede,yes,yes,yes,202311_plancha_session,projet PLANCHA/BIOEOS,"MR, SB, VI",,
v1,20231128_REU-CAP-HOMARD_ASV-2_02,REU,Cap Homard,20231128,2,grid,PPK with a Reach base connected to Centipede,yes,yes,yes,202311_plancha_session,projet PLANCHA/BIOEOS,"MR, SB, VI",,
v1,20231129_REU-HERMITAGE_ASV-1_01,REU,Pente externe Hermitage,20231129,2,grid,PPK with a Reach base connected to Centipede,yes,yes,yes,202311_plancha_session,projet PLANCHA/BIOEOS,"MR, VI, AL",,
v1,20231129_REU-ST-GILLES-CANYON_ASV-1_01,REU,Saint gilles Canyon,20231129,2,grid,PPK with a Reach base connected to Centipede,yes,yes,yes,202311_plancha_session,projet PLANCHA/BIOEOS,"MR, VI, AL",,
v1,20231129_REU-HERMITAGE_ASV-2_01,REU,Pente externe Hermitage,20231129,2,grid,PPK with a Reach base connected to Centipede,yes,yes,yes,202311_plancha_session,projet PLANCHA/BIOEOS,"MR, VI, AL",,
v1,20231129_REU-ST-GILLES-CANYON_ASV-2_01,REU,Saint gilles Canyon,20231129,2,grid,PPK with a Reach base connected to Centipede,yes,yes,yes,202311_plancha_session,projet PLANCHA/BIOEOS,"MR, VI, AL",,
v1,20231203_REU-TROU-DEAU_ASV-1_01,REU,TROU-DEAU,20231203,1,linear,PPK with a Reach base connected to Centipede,yes,yes,yes,202312_plancha_session,projet PLANCHA/BIOEOS,"SBO, MD",,
v3,20231204_REU-TROU-DEAU_ASV-1_01,REU,TROU-DEAU,20231204,1,linear,PPK with a Reach base connected to Centipede,yes,yes,yes,202312_plancha_session,projet PLANCHA/BIOEOS,"SBO, MD, VI","""filt_exclude_specific_timeUS"": [[1634042114, 1688042187]]",
v3,20231204_REU-TROU-DEAU_ASV-1_02,REU,TROU-DEAU,20231204,1,linear,PPK with a Reach base connected to Centipede,yes,yes,yes,202312_plancha_session,projet PLANCHA/BIOEOS,"SBO, MD, VI","""filt_exclude_specific_timeUS"": [[254128829, 306328872]]",
v1,20231204_REU-TROU-DEAU_ASV-1_03,REU,TROU-DEAU,20231204,1,linear,PPK with a Reach base connected to Centipede,yes,yes,yes,202312_plancha_session,projet PLANCHA/BIOEOS,"SBO, MD, VI",,
v1,20231204_REU-TROU-DEAU_ASV-1_04,REU,TROU-DEAU,20231204,1,linear,PPK with a Reach base connected to Centipede,yes,yes,yes,202312_plancha_session,projet PLANCHA/BIOEOS,"SBO, MD, VI",,
v1,20231204_REU-TROU-DEAU_ASV-2_01,REU,TROU-DEAU,20231204,1,linear,PPK with a Reach base connected to Centipede,yes,yes,yes,202312_plancha_session,projet PLANCHA/BIOEOS,"SBO, MD, VI",,
v1,20231204_REU-TROU-DEAU_ASV-2_02,REU,TROU-DEAU,20231204,1,linear,PPK with a Reach base connected to Centipede,yes,yes,yes,202312_plancha_session,projet PLANCHA/BIOEOS,"SBO, MD, VI",,
v1,20231205_REU-HERMITAGE_ASV-1_01,REU,Hermitage,20231205,1,linear,PPK with a Reach base connected to Centipede,yes,yes,yes,202312_plancha_session,projet PLANCHA/BIOEOS,"SBO, MD, VI",,
v1,20231205_REU-HERMITAGE_ASV-1_02,REU,Hermitage,20231205,1,linear,PPK with a Reach base connected to Centipede,yes,yes,yes,202312_plancha_session,projet PLANCHA/BIOEOS,"SBO, MD, VI",petit trou dans la bathy,
v1,20231205_REU-HERMITAGE_ASV-2_01,REU,Hermitage,20231205,1,linear,PPK with a Reach base connected to Centipede,yes,yes,yes,202312_plancha_session,projet PLANCHA/BIOEOS,"SBO, MD, VI",,
v1,20231205_REU-HERMITAGE_ASV-2_02,REU,Hermitage,20231205,1,linear,PPK with a Reach base connected to Centipede,yes,yes,yes,202312_plancha_session,projet PLANCHA/BIOEOS,"SBO, MD, VI",,
v1,20231205_REU-HERMITAGE_ASV-2_03,REU,Hermitage,20231205,1,linear,PPK with a Reach base connected to Centipede,yes,yes,yes,202312_plancha_session,projet PLANCHA/BIOEOS,"SBO, MD, VI",,
v3,20231205_REU-HERMITAGE_ASV-2_04,REU,Hermitage,20231205,1,linear,PPK with a Reach base connected to Centipede,yes,no,no,202312_plancha_session,projet PLANCHA/BIOEOS,"SBO, MD, VI","""filt_exclude_specific_timeUS"": [[495310534, 668310539]]",
v1,20231207_REU-HERMITAGE_ASV-1_01,REU,Hermitage,20231207,1,linear,PPK with a Reach base connected to Centipede,yes,yes,yes,202312_plancha_session,projet PLANCHA/BIOEOS,"SBO, MD, VI",,
v1,20231207_REU-HERMITAGE_ASV-1_02,REU,Hermitage,20231207,1,linear,PPK with a Reach base connected to Centipede,yes,yes,yes,202312_plancha_session,projet PLANCHA/BIOEOS,"SBO, MD, VI",,
v1,20231207_REU-HERMITAGE_ASV-1_03,REU,Hermitage,20231207,1,linear,PPK with a Reach base connected to Centipede,yes,yes,yes,202312_plancha_session,projet PLANCHA/BIOEOS,"SBO, MD, VI",,
v3,20231207_REU-HERMITAGE_ASV-1_04,REU,Hermitage,20231207,1,linear,PPK with a Reach base connected to Centipede,yes,yes,yes,202312_plancha_session,projet PLANCHA/BIOEOS,"SBO, MD, VI","""filt_exclude_specific_timeUS"": [[1634042114, 1688042187]]",
v1,20231208_REU-ST-LEU_ASV-1_01,REU,Saint Leu,20231208,1,linear,PPK with a Reach base connected to Centipede,yes,yes,yes,202312_plancha_session,projet PLANCHA/BIOEOS,"SBO, MD",,
v1,20231208_REU-ST-LEU_ASV-1_02,REU,Saint Leu,20231208,1,linear,PPK with a Reach base connected to Centipede,yes,yes,yes,202312_plancha_session,projet PLANCHA/BIOEOS,"SBO, MD",,
v1,20231208_REU-ST-LEU_ASV-1_03,REU,Saint Leu,20231208,1,linear,PPK with a Reach base connected to Centipede,yes,yes,yes,202312_plancha_session,projet PLANCHA/BIOEOS,"SBO, MD",,
v2,20231211_REU-SOURIS-BLANCHE_ASV-1_01,REU,Souris Blanche,20231211,1,linear,PPK with a Reach base connected to Centipede,yes,yes,yes,202312_plancha_session,projet PLANCHA/BIOEOS,"SBO, MD, VI","Trop biscornu, pas d'heure pour les photos",
v1,20231213_REU-ETANG-SALE_ASV-1_01,REU,Etang Salé,20231213,1,linear,PPK with a Reach base connected to Centipede,yes,yes,yes,202312_plancha_session,projet PLANCHA/BIOEOS,"SBO, MD",,
v1,20231213_REU-ETANG-SALE_ASV-1_02,REU,Etang Salé,20231213,1,linear,PPK with a Reach base connected to Centipede,yes,yes,yes,202312_plancha_session,projet PLANCHA/BIOEOS,"SBO, MD",,
v1,20231213_REU-ETANG-SALE_ASV-1_03,REU,Etang Salé,20231213,1,linear,PPK with a Reach base connected to Centipede,yes,yes,yes,202312_plancha_session,projet PLANCHA/BIOEOS,"SBO, MD",,
v2,20231213_REU-ETANG-SALE_ASV-1_04,REU,Etang Salé,20231213,1,linear,PPK with a Reach base connected to Centipede,yes,yes,yes,202312_plancha_session,projet PLANCHA/BIOEOS,"SBO, MD",PPK Q2 96%,
v2,20231213_REU-ETANG-SALE_ASV-2_01,REU,Etang Salé,20231213,1,linear,PPK with a Reach base connected to Centipede,yes,yes,yes,202312_plancha_session,projet PLANCHA/BIOEOS,"SBO, MD",Bathy inexploitable,
v1,20231215_REU-ST-LEU_ASV-1_01,REU,Saint Leu,20231215,1,linear,PPK with a Reach base connected to Centipede,yes,yes,yes,202312_plancha_session,projet PLANCHA/BIOEOS,"SBO, MD, VI",,
v1,20231215_REU-ST-LEU_ASV-1_02,REU,Saint Leu,20231215,1,linear,PPK with a Reach base connected to Centipede,yes,yes,yes,202312_plancha_session,projet PLANCHA/BIOEOS,"SBO, MD, VI",,
v1,20231215_REU-ST-LEU_ASV-1_03,REU,Saint Leu,20231215,1,linear,PPK with a Reach base connected to Centipede,yes,yes,yes,202312_plancha_session,projet PLANCHA/BIOEOS,"SBO, MD, VI",,
v1,20231215_REU-ST-LEU_ASV-1_04,REU,Saint Leu,20231215,1,linear,PPK with a Reach base connected to Centipede,yes,yes,yes,202312_plancha_session,projet PLANCHA/BIOEOS,"SBO, MD, VI",,
v2,20240313_REU-ST-LEU_ASV-1_01,REU,Saint Leu,20240313,1,,PPK with a Reach base connected to Centipede,no,yes,yes,202403_plancha_session,,"VR, BA",Pas de bin,
v1,20240313_REU-ST-LEU_ASV-1_02,REU,Saint Leu,20240313,1,,PPK with a Reach base connected to Centipede,yes,yes,yes,202403_plancha_session,,"VR, BA",,
v1,20240314_REU-ST-LEU_ASV-1_01,REU,Saint Leu,20240314,1,,PPK with a Reach base connected to Centipede,yes,yes,yes,202403_plancha_session,,"VR, BA",,
v1,20240314_REU-ST-LEU_ASV-1_02,REU,Saint Leu,20240314,1,,PPK with a Reach base connected to Centipede,yes,yes,yes,202403_plancha_session,,"VR, BA",,
v2,20240314_REU-ST-LEU_ASV-1_03,REU,Saint Leu,20240314,1,,PPK with a Reach base connected to Centipede,no,yes,yes,202403_plancha_session,,"VR, BA",Pas de bin,
v2,20240315_REU-ST-LEU_ASV-1_01,REU,Saint Leu,20240315,1,,PPK with a Reach base connected to Centipede,yes,yes,yes,202403_plancha_session,,"VR, BA",Demi bathy,
v1,20240315_REU-ST-LEU_ASV-1_02,REU,Saint Leu,20240315,1,,PPK with a Reach base connected to Centipede,yes,yes,yes,202403_plancha_session,,"VR, BA",,
v1,20240315_REU-ST-LEU_ASV-1_03,REU,Saint Leu,20240315,1,,PPK with a Reach base connected to Centipede,yes,yes,yes,202403_plancha_session,,"VR, BA",,
v2,20240322_REU-TROU-DEAU_ASV-1_01,REU,TROU-DEAU,20240322,1,,PPK with a Reach base connected to Centipede,no,yes,yes,202403_plancha_session,,"VR, BA",Pas de bin,
v2,20240322_REU-TROU-DEAU_ASV-1_02,REU,TROU-DEAU,20240322,1,,PPK with a Reach base connected to Centipede,no,yes,yes,202403_plancha_session,,"VR, BA",Pas de bin,
v2,20240322_REU-TROU-DEAU_ASV-1_03,REU,TROU-DEAU,20240322,1,,PPK with a Reach base connected to Centipede,no,yes,yes,202403_plancha_session,,"VR, BA",Pas de bin,
v3,20240329_REU-TESSIER_ASV-1_01,REU,Tessier,20240329,1,,PPK with a Reach base connected to Centipede,yes,yes,yes,202403_plancha_session,,"VR, BA","""filt_exclude_specific_timeUS"": [[4108186276,4237986154]]",
v1,20240329_REU-TESSIER_ASV-1_02,REU,Tessier,20240329,1,,PPK with a Reach base connected to Centipede,yes,yes,yes,202403_plancha_session,,"VR, BA",,
v1,20240329_REU-TESSIER_ASV-1_03,REU,Tessier,20240329,1,,PPK with a Reach base connected to Centipede,yes,yes,yes,202403_plancha_session,,"VR, BA",,
v1,20240405_REU-TESSIER_ASV-1_01,REU,Tessier,20240405,1,,PPK with a Reach base connected to Centipede,yes,yes,yes,202404_plancha_session,,"VR, BA",,
v1,20240405_REU-TESSIER_ASV-1_02,REU,Tessier,20240405,1,,PPK with a Reach base connected to Centipede,yes,yes,yes,202404_plancha_session,,"VR, BA",,
v2,20240412_REU-TESSIER_ASV-1_01,REU,Tessier,20240412,1,,PPK with a Reach base connected to Centipede,no,yes,yes,202404_plancha_session,,"VR, BA",Pas de bin,
v3,20240412_REU-TESSIER_ASV-1_02,REU,Tessier,20240412,1,,PPK with a Reach base connected to Centipede,yes,yes,yes,202404_plancha_session,,"VR, BA","""filt_exclude_specific_timeUS"": [[523979821,614979649]]",
v1,20240419_REU-TROU-DEAU_ASV-1_01,REU,TROU-DEAU,20240419,1,,PPK with a Reach base connected to Centipede,yes,yes,yes,202404_plancha_session,,"VR, BA",,
v1,20240419_REU-TROU-DEAU_ASV-1_02,REU,TROU-DEAU,20240419,1,,PPK with a Reach base connected to Centipede,yes,yes,yes,202404_plancha_session,,"VR, BA",,
v1,20240419_REU-TROU-DEAU_ASV-1_03,REU,TROU-DEAU,20240419,1,,PPK with a Reach base connected to Centipede,yes,yes,yes,202404_plancha_session,,"VR, BA",,
v1,20240426_REU-ST-LEU_ASV-1_01,REU,Saint Leu,20240426,1,,PPK with a Reach base connected to Centipede,yes,yes,yes,202404_plancha_session,,"VR, VI, SB, MD",,
v1,20240426_REU-ST-LEU_ASV-1_02,REU,Saint Leu,20240426,1,,PPK with a Reach base connected to Centipede,yes,yes,yes,202404_plancha_session,,"VR, VI, SB, MD",,
v1,20240515_REU-TESSIER_ASV-1_01,REU,Tessier,20240515,1,,RGP Station,yes,yes,yes,202405_plancha_session,,"VR, BA",,
v1,20240515_REU-TESSIER_ASV-1_02,REU,Tessier,20240515,1,,RGP Station,yes,yes,yes,202405_plancha_session,,"VR, BA",,
v2,20240515_REU-TESSIER_ASV-1_03,REU,Tessier,20240515,1,,RGP Station,yes,yes,yes,202405_plancha_session,,"VR, BA",Q1 20%,
v1,20240517_REU-TROU-DEAU_ASV-1_01,REU,TROU-DEAU,20240517,1,,PPK with a Reach base connected to Centipede,yes,yes,yes,202405_plancha_session,,"VR, BA",,
v1,20240517_REU-TROU-DEAU_ASV-1_02,REU,TROU-DEAU,20240517,1,,PPK with a Reach base connected to Centipede,yes,yes,yes,202405_plancha_session,,"VR, BA",,
v1,20240517_REU-TROU-DEAU_ASV-1_03,REU,TROU-DEAU,20240517,1,,PPK with a Reach base connected to Centipede,yes,yes,yes,202405_plancha_session,,"VR, BA",,
v2,20240607_REU-HERMITAGE_ASV-1_01,REU,Hermitage,20240607,1,,PPK with a Reach base connected to Centipede,yes,yes,yes,202406_plancha_session,,"VR, BA","GCRMN, bathy pas top",
v1,20240607_REU-HERMITAGE_ASV-1_02,REU,Hermitage,20240607,1,,PPK with a Reach base connected to Centipede,yes,yes,yes,202406_plancha_session,,"VR, BA",GCRMN,
v1,20240628_REU-HERMITAGE_ASV-1_01,REU,Hermitage,20240628,1,,PPK with a Reach base connected to Centipede,yes,yes,yes,202406_plancha_session,,"VR, BA",GCRMN,
v1,20240628_REU-HERMITAGE_ASV-1_02,REU,Hermitage,20240628,1,,PPK with a Reach base connected to Centipede,yes,yes,yes,202406_plancha_session,,"VR, BA",GCRMN,
v1,20240628_REU-HERMITAGE_ASV-1_03,REU,Hermitage,20240628,1,,PPK with a Reach base connected to Centipede,yes,yes,yes,202406_plancha_session,,"VR, BA",GCRMN,
v0,20240708_REU-POINTE-DES-AIGRETTES_ASV-1_01,REU,Pointe des Aigrettes,20240708,2,,RGP Station,yes,no,no,202407_plancha_session,,"VI, MD, VR, SBO",GCRMN,
v1,20240715_REU-LA-SALINE_ASV-1_01,REU,La saline,20240715,1,grid,PPK with a Reach base connected to Centipede,yes,yes,yes,202407_plancha_session,,"VR, VI",,
v1,20240715_REU-LA-SALINE_ASV-1_02,REU,La saline,20240715,1,grid,PPK with a Reach base connected to Centipede,no,yes,yes,202407_plancha_session,,"VR, VI",Pas de bathy,
v1,20240715_REU-ST-LEU_ASV-1_01,REU,Saint Leu,20240715,1,grid,PPK with a Reach base connected to Centipede,yes,yes,yes,202407_plancha_session,,"VR, VI",,
v1,20240715_REU-ST-LEU_ASV-1_02,REU,Saint Leu,20240715,1,grid,PPK with a Reach base connected to Centipede,yes,yes,yes,202407_plancha_session,,"VR, VI",,
v1,20250414_REU-TROU-DEAU_ASV-1_01,REU,TROU-DEAU,20250414,1,linear,RGP Station,yes,yes,yes,202504_plancha_session,,"VI, MZ",,
v1,20250414_REU-TROU-DEAU_ASV-1_02,REU,TROU-DEAU,20250414,1,linear,PPK with a Reach base connected to Centipede,yes,yes,yes,202504_plancha_session,,"VI, MZ",,
v1,20250414_REU-TROU-DEAU_ASV-1_03,REU,TROU-DEAU,20250414,1,linear,PPK with a Reach base connected to Centipede,yes,yes,yes,202504_plancha_session,,"VI, MZ",,
v1,20250414_REU-TROU-DEAU_ASV-2_01,REU,TROU-DEAU,20250414,1,linear,PPK with a Reach base connected to Centipede,yes,yes,yes,202504_plancha_session,,"VI, MZ",,
v1,20250422_REU-TROU-DEAU_ASV-1_01,REU,TROU-DEAU,20250422,1,grid,PPK with a Reach base connected to Centipede,yes,yes,yes,202504_plancha_session,,"VI, MZ, ALR, JI, SBO",,
v1,20250422_REU-TROU-DEAU_ASV-1_02,REU,TROU-DEAU,20250422,1,grid,PPK with a Reach base connected to Centipede,yes,yes,yes,202504_plancha_session,,"VI, MZ, ALR, JI, SBO",,
v1,20250422_REU-TROU-DEAU_ASV-1_03,REU,TROU-DEAU,20250422,1,grid,PPK with a Reach base connected to Centipede,yes,yes,yes,202504_plancha_session,,"VI, MZ, ALR, JI, SBO",,
v1,20250422_REU-TROU-DEAU_ASV-2_01,REU,TROU-DEAU,20250422,1,grid,PPK with a Reach base connected to Centipede,yes,yes,yes,202504_plancha_session,,"VI, MZ, ALR, JI, SBO",,
v1,20250422_REU-TROU-DEAU_ASV-2_02,REU,TROU-DEAU,20250422,1,grid,PPK with a Reach base connected to Centipede,yes,yes,yes,202504_plancha_session,,"VI, MZ, ALR, JI, SBO",,
v1,20250425_REU-ST-LEU_ASV-1_01,REU,Saint Leu,20250425,1,grid,PPK with a Reach base connected to Centipede,yes,yes,yes,202504_plancha_session,,"VI, MZ",,
v1,20250425_REU-ST-LEU_ASV-1_02,REU,Saint Leu,20250425,1,grid,PPK with a Reach base connected to Centipede,yes,yes,yes,202504_plancha_session,,"VI, MZ",,
v1,20250425_REU-ST-LEU_ASV-1_03,REU,Saint Leu,20250425,1,grid,PPK with a Reach base connected to Centipede,yes,yes,yes,202504_plancha_session,,"VI, MZ",,
v1,20250425_REU-ST-LEU_ASV-2_01,REU,Saint Leu,20250425,1,grid,PPK with a Reach base connected to Centipede,yes,yes,yes,202504_plancha_session,,"VI, MZ",,
v1,20250425_REU-ST-LEU_ASV-2_02,REU,Saint Leu,20250425,1,linear,PPK with a Reach base connected to Centipede,yes,yes,yes,202504_plancha_session,,"VI, MZ",,
v1,20250425_REU-ST-LEU_ASV-2_03,REU,Saint Leu,20250425,1,grid,PPK with a Reach base connected to Centipede,yes,yes,yes,202504_plancha_session,,"VI, MZ",,
v1,20250515_REU-LA-SALINE_ASV-1_01,REU,La Saline,20250515,1,grid,PPK with a Reach base connected to Centipede,no,yes,yes,202505_plancha_session,,"MZ, ALR",,
v1,20250515_REU-LA-SALINE_ASV-1_02,REU,La Saline,20250515,1,grid,PPK with a Reach base connected to Centipede,yes,yes,yes,202505_plancha_session,,"MZ, ALR",,
v1,20250515_REU-LA-SALINE_ASV-1_03,REU,La Saline,20250515,1,grid,PPK with a Reach base connected to Centipede,no,yes,yes,202505_plancha_session,,"MZ, ALR",,
v1,20250515_REU-LA-SALINE_ASV-2_01,REU,La Saline,20250515,1,grid,PPK with a Reach base connected to Centipede,yes,yes,yes,202505_plancha_session,,"MZ, ALR",,
v1,20250515_REU-LA-SALINE_ASV-2_02,REU,La Saline,20250515,1,grid,PPK with a Reach base connected to Centipede,yes,yes,yes,202505_plancha_session,,"MZ, ALR",,
v1,20250519_REU-ST-LEU_ASV-1_01,REU,St Leu,20250519,1,grid,PPK with a Reach base connected to Centipede,no,yes,yes,202505_plancha_session,,MZ,,
v1,20250519_REU-ST-LEU_ASV-1_02,REU,St Leu,20250519,1,grid,PPK with a Reach base connected to Centipede,no,yes,yes,202505_plancha_session,,MZ,,
v1,20250519_REU-ST-LEU_ASV-2_01,REU,St Leu,20250519,1,grid,PPK with a Reach base connected to Centipede,yes,yes,yes,202505_plancha_session,,MZ,,